Rokas,akmuo,þirklës,laimëjai
Rokas,akmuo,popierius,pralaimëjai
Rokas,akmuo,popierius,pralaimëjai
Rokas,akmuo,þirklës,laimëjai
Rokas,akmuo,popierius,pralaimëjai
Rokas,akmuo,popierius,pralaimëjai
Rokas,akmuo,þirklës,laimëjai
Rokas,akmuo,popierius,pralaimëjai
Rokas,akmuo,akmuo,lygiosios
Rokas,akmuo,akmuo,lygiosios
Rokas,popierius,akmuo,laimëjai
Rokas,þirklës,akmuo,pralaimëjai
Rokas,popierius,popierius,lygiosios
Rokas,akmuo,þirklës,laimëjai
Rokas,popierius,þirklës,pralaimëjai
Rokas,þirklës,akmuo,pralaimëjai
Rokas,popierius,popierius,lygiosios
Rokas,akmuo,akmuo,lygiosios
Rokas,akmuo,þirklës,laimëjai
Rokas,akmuo,akmuo,lygiosios
Rokas,akmuo,popierius,pralaimëjai
Rokas,popierius,þirklës,pralaimëjai
Rokas,þirklës,þirklës,lygiosios
Rokas,popierius,akmuo,laimëjai
Rokas,akmuo,popierius,pralaimëjai
hi,popierius,þirklës,pralaimëjai
hi,akmuo,þirklës,laimëjai
hi,popierius,þirklës,pralaimëjai
hi,þirklës,popierius,laimëjai
hi,popierius,popierius,lygiosios
hi,akmuo,þirklës,laimëjai
hi,popierius,popierius,lygiosios
hi,þirklës,akmuo,pralaimëjai
hi,akmuo,þirklës,laimëjai
hi,akmuo,popierius,pralaimëjai
hi,akmuo,akmuo,lygiosios
hi,akmuo,akmuo,lygiosios
hi,akmuo,þirklës,laimëjai
hi,akmuo,popierius,pralaimëjai
hi,popierius,popierius,lygiosios
hi,popierius,þirklës,pralaimëjai
hi,popierius,popierius,lygiosios
hi,popierius,popierius,lygiosios
hi,þirklës,popierius,laimëjai
hi,þirklës,popierius,laimëjai
hi,þirklës,popierius,laimëjai
hi,þirklës,þirklës,lygiosios
hi,þirklës,popierius,laimëjai
hi,popierius,þirklës,pralaimëjai
hi,akmuo,þirklës,laimëjai
hi,popierius,akmuo,laimëjai
hi,þirklës,akmuo,pralaimëjai
RokA,akmuo,akmuo,Lygiosios
RokA,popierius,þirklës,Pralaimëjai
RokA,þirklës,akmuo,Pralaimëjai
RokA,popierius,þirklës,Pralaimëjai
RokA,akmuo,þirklës,Laimëjai
RokA,akmuo,akmuo,Lygiosios
RokA,akmuo,popierius,Pralaimëjai
RokA,akmuo,popierius,Pralaimëjai
RokA,akmuo,þirklës,Laimëjai
RokA,popierius,popierius,Lygiosios
RokA,þirklës,popierius,Laimëjai
RokA,þirklës,þirklës,Lygiosios
RokA,popierius,þirklës,Pralaimëjai
RokA,akmuo,akmuo,Lygiosios
RokA,popierius,akmuo,Laimëjai
RokA,þirklës,akmuo,Pralaimëjai
RokA,þirklës,akmuo,Pralaimëjai
RokA,þirklës,popierius,Laimëjai
RokA,popierius,popierius,Lygiosios
RokA,akmuo,popierius,Pralaimëjai
RokA,akmuo,popierius,Pralaimëjai
RokA,þirklës,popierius,Laimëjai
Rikas,akmuo,popierius,Pralaimëjai
Rikas,þirklës,popierius,Laimëjai
Rikas,popierius,akmuo,Laimëjai
Rikas,akmuo,popierius,Pralaimëjai
Rikas,popierius,akmuo,Laimëjai
Rikas,þirklës,popierius,Laimëjai
Rikas,popierius,þirklës,Pralaimëjai
Rikas,akmuo,popierius,Pralaimëjai
Rikas,popierius,þirklës,Pralaimëjai
Rikas,þirklës,akmuo,Pralaimëjai
Rikas,popierius,akmuo,Laimëjai
Rikas,akmuo,akmuo,Lygiosios
Rikas,popierius,popierius,Lygiosios
Rikas,popierius,akmuo,Laimëjai
doraas,þirklës,akmuo,Pralaimëjai
doraas,akmuo,þirklës,Laimëjai
doraas,akmuo,akmuo,Lygiosios
doraas,akmuo,akmuo,Lygiosios
doraas,akmuo,þirklës,Laimëjai
doraas,akmuo,þirklës,Laimëjai
doraas,akmuo,akmuo,Lygiosios
doraas,akmuo,popierius,Pralaimëjai
doraas,akmuo,popierius,Pralaimëjai
doraas,akmuo,akmuo,Lygiosios
doraas,akmuo,þirklës,Laimëjai
doraas,akmuo,þirklës,Laimëjai
doraas,akmuo,þirklës,Laimëjai
doraas,popierius,popierius,Lygiosios
doraas,þirklës,popierius,Laimëjai
doraas,popierius,þirklës,Pralaimëjai
doraas,akmuo,akmuo,Lygiosios
doraas,popierius,þirklës,Pralaimëjai
kakas,popierius,popierius,Lygiosios
kakas,þirklës,popierius,Laimëjai
kakas,popierius,þirklës,Pralaimëjai
kakas,þirklës,þirklës,Lygiosios
kakas,akmuo,popierius,Pralaimëjai
sdfv,popierius,akmuo,Laimëjai
sdfv,þirklës,akmuo,Pralaimëjai
sdfv,akmuo,akmuo,Lygiosios
wedcee,þirklës,þirklës,Lygiosios
wedcee,popierius,akmuo,Laimëjai
wedcee,akmuo,popierius,Pralaimëjai
wedcee,popierius,popierius,Lygiosios
wedcee,þirklës,akmuo,Pralaimëjai
